{"cameraMode":{"drawMode":0,"name":"Shaded","section":"Shading Mode"},"sceneLighting":true,"audioPlay":false,"sceneViewState":{"showFog":true,"showMaterialUpdate":true,"showSkybox":true,"showFlares":true,"showImageEffects":true,"showParticleSystems":true},"in2DMode":false,"pivot":{"x":-4.02417516708374,"y":5.097835540771484,"z":6.022010326385498},"rotation":{"x":0.005681256297975779,"y":-0.05637189373373985,"z":-0.0003207731351722032,"w":-0.9983937740325928},"size":21.672653198242189,"orthographic":false}