{"cameraMode":{"drawMode":0,"name":"Shaded","section":"Shading Mode"},"sceneLighting":true,"audioPlay":false,"sceneViewState":{"showFog":true,"showMaterialUpdate":true,"showSkybox":true,"showFlares":true,"showImageEffects":true,"showParticleSystems":true},"in2DMode":false,"pivot":{"x":-0.9840936660766602,"y":-0.18721532821655274,"z":1.3349132537841797},"rotation":{"x":-0.11110637336969376,"y":0.8589364886283875,"z":-0.2104780375957489,"w":-0.4534122347831726},"size":10.0,"orthographic":false}